Player,Pos,Pos Rank,ESPN,Sleeper,NFL,RTSPORTS,AVG Draft Position,year
Ja'Marr Chase,WR,WR1,1,1,1,1,1,2025
Saquon Barkley,RB,RB1,3,2,2,4,2.8,2025
Bijan Robinson,RB,RB2,2,4,5,2,3,2025
Justin Jefferson,WR,WR2,4,3,4,6,4.6,2025
Jahmyr Gibbs,RB,RB3,5,5,6,3,4.6,2025
CeeDee Lamb,WR,WR3,6,7,3,5,5.2,2025
Amon-Ra St. Brown,WR,WR4,8,6,9,11,8.8,2025
Puka Nacua,WR,WR5,9,8,7,10,9.2,2025
Christian McCaffrey,RB,RB4,7,14,12,7,9.4,2025
Ashton Jeanty,RB,RB5,10,11,11,8,9.6,2025
Malik Nabers,WR,WR6,11,9,10,9,9.6,2025
Derrick Henry,RB,RB6,13,10,8,13,11.6,2025
De'Von Achane,RB,RB7,12,16,13,12,12.8,2025
Nico Collins,WR,WR7,14,12,16,16,14.2,2025
Brian Thomas Jr.,WR,WR8,16,13,14,15,14.6,2025
Josh Jacobs,RB,RB8,18,20,17,14,17.4,2025
A.J. Brown,WR,WR9,15,18,15,23,17.4,2025
Brock Bowers,TE,TE1,19,15,18,21,18.6,2025
Drake London,WR,WR10,22,17,20,20,19.2,2025
Jonathan Taylor,RB,RB9,17,25,22,19,20.4,2025
Bucky Irving,RB,RB10,23,19,25,17,21.2,2025
Lamar Jackson,QB,QB1,21,24,19,26,23,2025
Josh Allen,QB,QB2,20,21,21,28,23.8,2025
Kyren Williams,RB,RB11,26,28,24,22,24.2,2025
Ladd McConkey,WR,WR11,30,22,23,27,25,2025
Trey McBride,TE,TE2,24,23,26,29,26,2025
Chase Brown,RB,RB12,33,29,34,18,27.6,2025
Tyreek Hill,WR,WR12,27,27,37,25,28.6,2025
Tee Higgins,WR,WR13,28,30,31,38,30.6,2025
Jayden Daniels,QB,QB3,25,31,28,33,30.8,2025
James Cook,RB,RB13,32,35,29,30,31.6,2025
Jaxon Smith-Njigba,WR,WR14,36,26,39,32,32.6,2025
Breece Hall,RB,RB14,49,34,30,24,34,2025
Garrett Wilson,WR,WR15,39,32,36,36,34.8,2025
Joe Burrow,QB,QB4,31,40,35,41,36.6,2025
Terry McLaurin,WR,WR16,40,33,27,43,37.2,2025
George Kittle,TE,TE3,34,38,38,42,37.4,2025
Davante Adams,WR,WR17,35,42,41,37,37.8,2025
Jalen Hurts,QB,QB5,29,39,33,45,38,2025
Alvin Kamara,RB,RB15,37,43,46,31,39.2,2025
Kenneth Walker III,RB,RB16,38,45,42,35,39.6,2025
Mike Evans,WR,WR18,43,37,32,48,40.2,2025
Marvin Harrison Jr.,WR,WR19,42,36,43,40,40.2,2025
Omarion Hampton,RB,RB17,47,44,50,34,44.8,2025
Chuba Hubbard,RB,RB18,45,47,52,39,45.6,2025
Rashee Rice,WR,WR20,58,41,40,55,47.2,2025
James Conner,RB,RB19,48,52,49,46,48.4,2025
DJ Moore,WR,WR21,54,46,48,47,49.2,2025
Joe Mixon,RB,RB20,51,49,47,52,49.4,2025
DK Metcalf,WR,WR22,44,48,58,54,50.8,2025
Sam LaPorta,TE,TE4,41,50,44,62,51.6,2025
Courtland Sutton,WR,WR23,59,51,55,51,53.6,2025
Patrick Mahomes II,QB,QB6,46,59,45,65,54.4,2025
DeVonta Smith,WR,WR24,62,53,53,59,56.4,2025
Xavier Worthy,WR,WR25,50,55,67,66,56.8,2025
D'Andre Swift,RB,RB21,55,77,61,44,58.2,2025
David Montgomery,RB,RB22,60,56,64,58,59.2,2025
Zay Flowers,WR,WR26,56,54,69,64,61,2025
RJ Harvey,RB,RB23,77,60,70,49,61.8,2025
TreVeyon Henderson,RB,RB24,73,65,66,50,62,2025
T.J. Hockenson,TE,TE5,53,57,51,74,62,2025
Jameson Williams,WR,WR27,65,58,54,67,62,2025
Travis Hunter,WR,WR28,61,62,59,73,63,2025
Travis Kelce,TE,TE6,57,68,57,68,64,2025
Aaron Jones Sr.,RB,RB25,66,69,74,57,65,2025
Baker Mayfield,QB,QB7,52,72,60,77,66.8,2025
Isiah Pacheco,RB,RB26,74,64,62,61,67.4,2025
George Pickens,WR,WR29,63,61,77,71,67.8,2025
Tetairoa McMillan,WR,WR30,75,63,78,56,68.2,2025
Calvin Ridley,WR,WR31,64,75,71,63,68.8,2025
Kaleb Johnson,RB,RB27,72,80,80,53,70,2025
Tony Pollard,RB,RB28,87,76,82,60,73.8,2025
Jerry Jeudy,WR,WR32,69,73,101,69,75,2025
Jaylen Waddle,WR,WR33,67,66,87,78,75.4,2025
Bo Nix,QB,QB8,68,78,65,88,76.4,2025
Mark Andrews,TE,TE7,71,81,56,95,77.4,2025
Chris Godwin,WR,WR34,90,74,84,72,77.6,2025
Chris Olave,WR,WR35,89,67,86,75,79.8,2025
Jordan Addison,WR,WR36,91,71,90,86,82.4,2025
Brian Robinson Jr.,RB,RB29,92,85,91,76,83.2,2025
Rome Odunze,WR,WR37,76,79,93,90,85.2,2025
Evan Engram,TE,TE8,80,89,75,89,87,2025
Kyler Murray,QB,QB9,78,98,81,97,87.8,2025
David Njoku,TE,TE9,70,95,85,110,88.2,2025
Deebo Samuel Sr.,WR,WR38,99,86,97,81,88.2,2025
Cooper Kupp,WR,WR39,79,88,105,85,89.4,2025
Stefon Diggs,WR,WR40,85,91,95,91,90.6,2025
Quinshon Judkins,RB,RB30,136,70,88,84,91,2025
Tyrone Tracy Jr.,RB,RB31,97,84,106,70,91,2025
Jaylen Warren,RB,RB32,102,90,109,80,93.4,2025
Cam Skattebo,RB,RB33,95,100,98,82,93.8,2025
Khalil Shakir,WR,WR41,101,83,99,99,93.8,2025
Jakobi Meyers,WR,WR42,86,82,124,101,94.6,2025
Jauan Jennings,WR,WR43,105,92,108,87,97,2025
Travis Etienne Jr.,RB,RB34,122,93,114,79,100,2025
Matthew Golden,WR,WR44,88,97,125,93,102.4,2025
Javonte Williams,RB,RB35,94,105,140,83,103.8,2025
Brock Purdy,QB,QB10,82,108,103,124,105.4,2025
Ricky Pearsall,WR,WR45,111,103,119,106,105.6,2025
Justin Fields,QB,QB11,112,130,63,121,105.8,2025
Dak Prescott,QB,QB12,100,122,121,105,108.8,2025
Jayden Reed,WR,WR46,117,99,123,107,109.2,2025
Rhamondre Stevenson,RB,RB36,104,112,122,104,109.6,2025
Jared Goff,QB,QB13,118,94,100,113,110.6,2025
Jonnu Smith,TE,TE10,171,87,73,134,112.8,2025
Najee Harris,RB,RB37,156,101,112,100,112.8,2025
Caleb Williams,QB,QB14,120,118,110,102,114,2025
Brandon Aubrey,K1,K1,98,149,72,131,114.6,2025
Colston Loveland,TE,TE11,114,107,116,109,114.6,2025
Tucker Kraft,TE,TE12,110,117,117,112,114.8,2025
Denver Broncos,DS,DST1,83,152,83,138,115,2025
Tyler Warren,TE,TE13,127,96,107,114,115,2025
Justin Herbert,QB,QB15,96,106,126,127,117.8,2025
Jordan Mason,RB,RB38,140,110,145,92,118.4,2025
J.K. Dobbins,RB,RB39,103,128,161,96,121,2025
Brandon Aiyuk,WR,WR47,165,102,118,123,122.4,2025
Zach Charbonnet,RB,RB40,151,113,156,94,123,2025
Keon Coleman,WR,WR48,107,119,143,139,124,2025
Josh Downs,WR,WR49,158,104,135,118,125.2,2025
Michael Pittman Jr.,WR,WR50,116,114,177,116,126,2025
Cameron Dicker,K2,K2,113,151,79,149,126.2,2025
Emeka Egbuka,WR,WR51,121,109,158,115,126.4,2025
Rachaad White,RB,RB41,133,131,138,117,126.4,2025
Philadelphia Eagles,DS,DST2,119,150,94,150,127,2025
Darnell Mooney,WR,WR52,125,111,168,126,127.6,2025
Tyjae Spears,RB,RB42,135,120,174,98,128.2,2025
Dalton Kincaid,TE,TE14,130,115,128,145,132.6,2025
Jordan Love,QB,QB16,123,123,139,152,134.6,2025
Austin Ekeler,RB,RB43,126,145,167,120,134.8,2025
Jaydon Blue,RB,RB44,159,132,150,111,135.4,2025
Pittsburgh Steelers,DS,DST3,84,158,131,160,136,2025
Jake Bates,K3,K3,93,153,102,161,136.4,2025
Baltimore Ravens,DS,DST4,109,154,120,173,137.6,2025
Bhayshul Tuten,RB,RB45,157,137,155,130,138.8,2025
Jake Ferguson,TE,TE15,132,121,154,132,138.8,2025
Dallas Goedert,TE,TE16,115,126,129,162,141.6,2025
C.J. Stroud,QB,QB17,144,124,133,147,141.6,2025
Tank Bigsby,RB,RB46,137,139,209,108,142.8,2025
Tre' Harris,WR,WR53,160,127,159,136,144.4,2025
Kyle Pitts Sr.,TE,TE17,139,125,142,143,145.6,2025
Chase McLaughlin,K4,K4,106,156,113,180,145.8,2025
Drake Maye,QB,QB18,152,134,146,142,146.4,2025
Jayden Higgins,WR,WR54,128,116,205,129,147,2025
Isaac Guerendo,RB,RB47,179,140,175,119,147.4,2025
J.J. McCarthy,QB,QB19,131,136,152,137,149.6,2025
Rashid Shaheed,WR,WR55,124,129,181,167,150.4,2025
Buffalo Bills,DS,DST5,148,188,96,154,150.6,2025
Nick Chubb,RB,RB48,166,147,190,122,155,2025
Houston Texans,DS,DST6,81,191,141,159,155.6,2025
Marvin Mims Jr.,WR,WR56,155,133,172,133,156.2,2025
Zach Ertz,TE,TE18,163,146,166,170,157.6,2025
Jack Bech,WR,WR57,142,144,219,146,158.4,2025
Minnesota Vikings,DS,DST7,108,162,148,178,159.6,2025
Marquise Brown,WR,WR58,174,167,115,157,160,2025
Chris Boswell,K5,K5,138,157,68,226,161.8,2025
Isaiah Likely,TE,TE19,187,142,151,168,162,2025
Ka'imi Fairbairn,K6,K6,173,163,92,172,163,2025
Trey Benson,RB,RB49,162,164,228,128,163,2025
Luther Burden III,WR,WR59,176,135,213,163,163.4,2025
Trevor Lawrence,QB,QB20,184,166,185,153,168.4,2025
Christian Kirk,WR,WR60,241,141,170,166,168.8,2025
Tyler Allgeier,RB,RB50,172,175,171,144,169.2,2025
Tua Tagovailoa,QB,QB21,169,200,192,156,170.4,2025
Jerome Ford,RB,RB51,143,177,247,103,172,2025
San Francisco 49ers,DS,DST8,181,160,76,230,172.2,2025
Rashod Bateman,WR,WR61,191,143,183,186,172.8,2025
Harrison Butker,K7,K7,149,159,144,205,174,2025
Ray Davis,RB,RB52,222,165,217,125,174.2,2025
Cameron Ward,QB,QB22,161,148,162,231,174.6,2025
Tyler Bass,K8,K8,147,161,136,239,176.8,2025
Xavier Legette,WR,WR62,154,180,203,181,178,2025
Michael Penix Jr.,QB,QB23,183,171,186,188,178.2,2025
Detroit Lions,DS,DST9,129,189,147,223,180,2025
Kyle Williams,WR,WR63,194,138,214,192,182.6,2025
Matthew Stafford,QB,QB24,170,197,160,198,183.2,2025
Braelon Allen,RB,RB53,221,184,234,135,184.6,2025
Dylan Sampson,RB,RB54,167,172,264,140,184.8,2025
Jason Sanders,K9,K9,146,242,111,228,185,2025
Adam Thielen,WR,WR64,153,170,207,200,185,2025
Jaylen Wright,RB,RB55,225,181,236,148,186.8,2025
Kansas City Chiefs,DS,DST10,182,193,134,208,187.6,2025
Kareem Hunt,RB,RB56,209,204,200,165,189.4,2025
Wil Lutz,K1,K10,202,234,130,179,190,2025
Pat Freiermuth,TE,TE20,199,182,178,221,191.4,2025
Younghoe Koo,K1,K11,193,186,169,249,192.2,2025
Dallas Cowboys,DS,DST11,186,274,157,203,194.4,2025
Jalen McMillan,WR,WR65,230,173,211,164,195.6,2025
Rico Dowdle,RB,RB57,284,169,208,141,199.2,2025
Darren Waller,TE,TE21,197,233,176,201,200.6,2025
Cedric Tillman,WR,WR66,185,174,315,176,201.2,2025
Quentin Johnston,WR,WR67,196,198,255,209,202.2,2025
Brenton Strange,TE,TE22,234,176,246,175,202.2,2025
Green Bay Packers,DS,DST12,189,239,193,235,204.8,2025
Evan McPherson,K1,K12,188,194,188,250,205.4,2025
Roschon Johnson,RB,RB58,245,201,276,174,206.8,2025
Anthony Richardson Sr.,QB,QB25,211,214,220,211,207.6,2025
Wan'Dale Robinson,WR,WR68,219,178,254,190,208,2025
Romeo Doubs,WR,WR69,233,208,226,185,209,2025
Justice Hill,RB,RB59,246,216,229,158,214.2,2025
Los Angeles Chargers,DS,DST13,215,240,153,246,214.6,2025
Mason Taylor,TE,TE23,251,183,250,194,217.2,2025
Elijah Arroyo,TE,TE24,229,207,278,197,225.6,2025
Hunter Henry,TE,TE25,164,168,173,155,165,2025
Jake Elliott,K1,K13,141,192,132,232,174.3,2025
DeAndre Hopkins,WR,WR70,207,202,184,151,186,2025
Seattle Seahawks,DS,DST14,134,190,180,248,188,2025
Bryce Young,QB,QB26,190,196,187,189,190.5,2025
Matt Gay,K1,K14,175,,179,240,191,2025
Tampa Bay Buccaneers,DS,DST15,192,187,137,258,193.5,2025
Tyler Loop,K1,K15,150,185,215,242,198,2025
Mike Gesicki,TE,TE26,201,179,245,171,199,2025
Cade Otton,TE,TE27,210,203,197,196,201.5,2025
Aaron Rodgers,QB,QB27,198,209,195,210,203,2025
Will Shipley,RB,RB60,373,221,333,202,263,2025
Arizona Cardinals,DS,DST16,195,,149,251,204.5,2025
New England Patriots,DS,DST17,145,238,189,257,207.3,2025
Raheem Mostert,RB,RB61,,247,230,204,207.3,2025
New York Giants,DS,DST18,180,237,191,229,209.3,2025
Sam Darnold,QB,QB28,208,213,201,215,209.3,2025
Geno Smith,QB,QB29,213,211,199,219,210.5,2025
Zack Moss,RB,RB62,,289,198,220,213.3,2025
New York Jets,DS,DST19,177,235,206,244,215.5,2025
MarShawn Lloyd,RB,RB63,,229,272,183,215.5,2025
Joshua Palmer,WR,WR71,,199,238,222,215.5,2025
Chig Okonkwo,TE,TE28,200,215,233,216,216,2025
Keenan Allen,WR,WR72,377,218,366,199,272.8,2025
Los Angeles Rams,DS,DST20,212,241,194,224,217.8,2025
Blake Corum,RB,RB64,,210,241,207,219,2025
Daniel Carlson,K1,K16,216,276,163,252,226.8,2025
DJ Giddens,RB,RB65,,222,317,218,230.8,2025
Dalton Schultz,TE,TE29,235,219,223,261,234.5,2025
Elijah Mitchell,RB,RB66,,291,265,195,235,2025
Will Reichard,K1,K17,214,278,196,254,235.5,2025
Jake Moody,K1,K18,224,275,202,259,240,2025
Brashard Smith,RB,RB67,,224,364,212,252.8,2025
Washington Commanders,DS,DST21,206,155,164,,175,2025
Woody Marks,RB,RB68,,263,419,193,260,2025
Cincinnati Bengals,DS,DST22,226,,104,256,195.3,2025
Jarquez Hunter,RB,RB69,,217,524,187,277.8,2025
Jacory Croskey-Merritt,RB,RB70,,245,390,255,276.5,2025
Cleveland Browns,DS,DST23,220,,127,260,202.3,2025
Brandon McManus,K1,K19,204,,204,233,213.7,2025
Shedeur Sanders,QB,QB30,203,244,218,,221.7,2025
Trevor Etienne,RB,RB71,,,258,213,222.7,2025
Indianapolis Colts,DS,DST24,168,280,222,,223.3,2025
Miles Sanders,RB,RB72,,243,251,177,223.7,2025
Jaleel McLaughlin,RB,RB73,,273,165,237,225,2025
DeMario Douglas,WR,WR73,,205,288,182,225,2025
Alec Pierce,WR,WR74,,220,242,217,226.3,2025
Tyler Lockett,WR,WR75,228,225,232,,228.3,2025
Taysom Hill,TE,TE30,271,,260,,230,2025
Dont'e Thornton Jr.,WR,WR76,,195,266,245,235.3,2025
Jalen Royals,WR,WR77,330,228,420,236,303.5,2025
Jaxson Dart,QB,QB31,217,248,252,,239,2025
Russell Wilson,QB,QB32,238,253,231,,240.7,2025
Miami Dolphins,DS,DST25,244,277,212,,244.3,2025
Cole Kmet,TE,TE31,239,270,227,,245.3,2025
Las Vegas Raiders,DS,DST26,237,279,221,,245.7,2025
Andrei Iosivas,WR,WR78,,255,281,206,247.3,2025
Tennessee Titans,DS,DST27,253,236,259,,249.3,2025
Kyle Monangai,RB,RB74,,250,335,169,251.3,2025
Jacksonville Jaguars,DS,DST28,232,281,243,,252,2025
New Orleans Saints,DS,DST29,243,282,244,,256.3,2025
Noah Gray,TE,TE32,270,266,248,,261.3,2025
Chicago Bears,DS,DST30,205,,89,,147,2025
Jalen Milroe,QB,QB33,247,285,267,,266.3,2025
Isaac TeSlaa,WR,WR79,262,288,249,,266.3,2025
Ollie Gordon II,RB,RB75,,271,318,214,267.7,2025
Justin Tucker,K2,K20,218,283,305,,268.7,2025
Terrance Ferguson,TE,TE33,269,227,310,,268.7,2025
Tyler Higbee,TE,TE34,259,292,256,,269,2025
Jalen Coker,WR,WR80,,246,362,,272.3,2025
Tahj Brooks,RB,RB76,375,257,452,234,329.5,2025
Ja'Tavion Sanders,TE,TE35,321,231,277,,276.3,2025
Adonai Mitchell,WR,WR81,,265,361,,278.7,2025
Keaton Mitchell,RB,RB77,,256,359,227,280.7,2025
Dyami Brown,WR,WR82,,249,355,243,282.3,2025
Jaylin Noel,WR,WR83,,223,388,241,284,2025
Kendre Miller,RB,RB78,,293,379,,285.7,2025
Dontayvion Wicks,WR,WR84,294,269,296,,286.3,2025
Devin Neal,RB,RB79,,226,456,184,288.7,2025
Theo Johnson,TE,TE36,287,252,332,,290.3,2025
Pat Bryant,WR,WR85,,206,418,253,292.3,2025
Cairo Santos,K2,K21,178,,224,,201,2025
Jason Myers,K2,K22,236,,182,,209,2025
Joshua Karty,K2,K23,223,,210,,216.5,2025
Joe Flacco,QB,QB34,356,287,301,,314.7,2025
Atlanta Falcons,DS,DST31,231,,216,,223.5,2025
Roman Wilson,WR,WR86,306,264,383,,317.7,2025
Calvin Austin III,WR,WR87,,212,262,,237,2025
Troy Franklin,WR,WR88,299,299,382,,326.7,2025
Blake Grupe,K2,K24,248,,235,,241.5,2025
Cam Little,K2,K25,263,,225,,244,2025
Carolina Panthers,DS,DST32,227,,263,,245,2025
Xavier Restrepo,WR,WR89,346,262,387,,331.7,2025
Savion Williams,WR,WR90,358,,673,,389.3,2025
Tank Dell,WR,WR91,261,,239,,250,2025
KaVontae Turpin,WR,WR92,266,,237,,251.5,2025
A.J. Dillon,RB,RB80,491,,292,225,336,2025
Graham Gano,K2,K26,240,,270,,255,2025
Dawson Knox,TE,TE37,252,,261,,256.5,2025
Sean Tucker,RB,RB81,,,324,191,257.5,2025
Andy Borregales,K2,K27,242,,273,,257.5,2025
Kayshon Boutte,WR,WR93,371,295,358,,341.3,2025
Elic Ayomanor,WR,WR94,,230,300,,265,2025
Juwan Johnson,TE,TE38,,260,274,,267,2025
Kirk Cousins,QB,QB35,272,,268,,270,2025
Antonio Gibson,RB,RB82,,,306,238,272,2025
Jahan Dotson,WR,WR95,250,,295,,272.5,2025
Joey Slye,K2,K28,265,,284,,274.5,2025
Chad Ryland,K2,K29,280,,269,,274.5,2025
Dustin Hopkins,K3,K30,249,,302,,275.5,2025
Diontae Johnson,WR,WR96,,272,282,,277,2025
Tyler Shough,QB,QB36,485,258,311,,351.3,2025
Jimmy Horn Jr.,WR,WR97,258,,297,,277.5,2025
Ray-Ray McCloud III,WR,WR98,,,313,247,280,2025
AJ Barner,TE,TE39,278,,283,,280.5,2025
JuJu Smith-Schuster,WR,WR99,283,,279,,281,2025
Tim Patrick,WR,WR100,276,,289,,282.5,2025
Michael Wilson,WR,WR101,,251,316,,283.5,2025
Darius Slayton,WR,WR102,,254,314,,284,2025
Tyler Conklin,TE,TE40,,298,271,,284.5,2025
Luke Musgrave,TE,TE41,264,,308,,286,2025
Will Howard,QB,QB37,268,,312,,290,2025
Parker Romo,K3,K31,277,,303,,290,2025
Marquez Valdes-Scantling,WR,WR103,,290,290,,290,2025
Daniel Jones,QB,QB38,,261,321,,291,2025
Harold Fannin Jr.,TE,TE42,317,267,520,,368,2025
Michael Mayer,TE,TE43,,300,286,,293,2025
Tutu Atwell,WR,WR104,,296,293,,294.5,2025
Luke McCaffrey,WR,WR105,288,,304,,296,2025
Will Dissly,TE,TE44,305,,291,,298,2025
Joe Milton III,QB,QB39,273,,326,,299.5,2025
Christian Watson,WR,WR106,,294,307,,300.5,2025
Elijah Moore,WR,WR107,303,,299,,301,2025
Jordan James,RB,RB83,,259,347,,303,2025
Grant Calcaterra,TE,TE45,312,,294,,303,2025
Hunter Renfrow,WR,WR108,257,,353,,305,2025
Austin Hooper,TE,TE46,285,,327,,306,2025
Darnell Washington,TE,TE47,308,,309,,308.5,2025
Oronde Gadsden II,TE,TE48,337,286,527,,383.3,2025
Spencer Shrader,K3,K32,296,,334,,315,2025
Jalen Nailor,WR,WR109,310,,330,,320,2025
Ryan Fitzgerald,K3,K33,256,,386,,321,2025
Jameis Winston,QB,QB40,307,,336,,321.5,2025
Joshua Dobbs,QB,QB41,275,,369,,322,2025
Harrison Mevis,K3,K34,281,,363,,322,2025
Mitchell Trubisky,QB,QB42,292,,367,,329.5,2025
Deshaun Watson,QB,QB43,267,,396,,331.5,2025
Brock Wright,TE,TE49,342,,323,,332.5,2025
Deuce Vaughn,RB,RB84,326,,341,,333.5,2025
Audric Estime,RB,RB85,343,,325,,334,2025
Jalin Hyatt,WR,WR110,290,,380,,335,2025
Tanner McKee,QB,QB44,293,,381,,337,2025
Josh Oliver,TE,TE50,302,,372,,337,2025
Jake Bobo,WR,WR111,318,,360,,339,2025
Jordan Whittington,WR,WR112,,268,415,,341.5,2025
Greg Joseph,K3,K35,332,,351,,341.5,2025
Kalif Raymond,WR,WR113,354,,337,,345.5,2025
Amari Cooper,WR,WR114,,232,464,,348,2025
Luke Schoonmaker,TE,TE51,295,,407,,351,2025
J.J. Taylor,RB,RB86,350,,354,,352,2025
Jude McAtamney,K3,K36,255,,450,,352.5,2025
Mac Jones,QB,QB45,328,,377,,352.5,2025
Robert Woods,WR,WR115,315,,392,,353.5,2025
Tommy Tremble,TE,TE52,334,,376,,355,2025
Carson Steele,RB,RB87,329,,384,,356.5,2025
Tory Horton,WR,WR116,,297,422,,359.5,2025
Malik Willis,QB,QB46,314,,405,,359.5,2025
Sterling Shepard,WR,WR117,372,,348,,360,2025
Craig Reynolds,RB,RB88,322,,400,,361,2025
Devaughn Vele,WR,WR118,379,,343,,361,2025
Jermaine Burton,WR,WR119,422,301,514,,412.3,2025
Hendon Hooker,QB,QB47,316,,408,,362,2025
Ben Sinnott,TE,TE53,,284,447,,365.5,2025
Kendrick Bourne,WR,WR120,304,,427,,365.5,2025
Mack Hollins,WR,WR121,313,,425,,369,2025
Darrynton Evans,RB,RB89,364,,374,,369,2025
Kyle Juszczyk,RB,RB90,,,240,,240,2025
Nick Folk,K3,K37,291,,461,,376,2025
Noah Fant,TE,TE54,,,253,,253,2025
Jordan Travis,QB,QB48,254,,,,254,2025
Dameon Pierce,RB,RB91,471,,285,,378,2025
Devin Singletary,RB,RB92,,,257,,257,2025
Adam Trautman,TE,TE55,324,,433,,378.5,2025
Mecole Hardman Jr.,WR,WR122,407,,352,,379.5,2025
Odell Beckham Jr.,WR,WR123,297,,463,,380,2025
Quinn Ewers,QB,QB49,309,,455,,382,2025
Daniel Bellinger,TE,TE56,325,,439,,382,2025
Ty Chandler,RB,RB93,386,,378,,382,2025
Zamir White,RB,RB94,274,,493,,383.5,2025
Jalen Tolbert,WR,WR124,,,275,,275,2025
Tylan Wallace,WR,WR125,374,,403,,388.5,2025
Scott Matlock,DT,DT1,279,,,,279,2025
Kenneth Gainwell,RB,RB95,,,280,,280,2025
Ainias Smith,WR,WR126,435,,345,,390,2025
Jarrett Stidham,QB,QB50,408,,373,,390.5,2025
John Samuel Shenker,TE,TE57,282,,,,282,2025
Jermar Jefferson,RB,RB96,286,,575,,430.5,2025
Tre Tucker,WR,WR127,,,287,,287,2025
Julian Hill,TE,TE58,376,,413,,394.5,2025
Tyson Bagent,QB,QB51,289,,760,,524.5,2025
Elijah Higgins,TE,TE59,449,,342,,395.5,2025
Hassan Haskins,RB,RB97,387,,404,,395.5,2025
Trey Lance,QB,QB52,357,,435,,396,2025
Demarcus Robinson,WR,WR128,444,,349,,396.5,2025
Travis Homer,RB,RB98,367,,430,,398.5,2025
Brandin Cooks,WR,WR129,,,298,,298,2025
Tez Johnson,WR,WR130,341,,457,,399,2025
KeAndre Lambert-Smith,WR,WR131,298,,698,,498,2025
Drew Lock,QB,QB53,461,,338,,399.5,2025
Nathan Rourke,QB,QB54,300,,,,300,2025
Patrick Ricard,RB,RB99,403,,398,,400.5,2025
Tommy DeVito,QB,QB55,301,,506,,403.5,2025
Alexander Mattison,RB,RB100,475,,329,,402,2025
Mason Rudolph,QB,QB56,336,,470,,403,2025
Jaylin Lane,WR,WR132,348,,458,,403,2025
Olamide Zaccheaus,WR,WR133,380,,431,,405.5,2025
Cooper Rush,QB,QB57,383,,428,,405.5,2025
Equanimeous St. Brown,WR,WR134,311,,545,,428,2025
C.J. Ham,RB,RB101,390,,424,,407,2025
Samaje Perine,RB,RB102,,,319,,319,2025
Tai Felton,WR,WR135,319,,526,,422.5,2025
Allen Lazard,WR,WR136,,,320,,320,2025
Ben DiNucci,QB,QB58,320,,,,320,2025
Nick Westbrook-Ikhine,WR,WR137,,,322,,322,2025
Brandon Allen,QB,QB59,400,,423,,411.5,2025
Zane Gonzalez,K3,K38,323,,536,,429.5,2025
Ezekiel Elliott,RB,RB103,327,,,,327,2025
Aidan O'Connell,QB,QB60,417,,410,,413.5,2025
Ty Johnson,RB,RB104,,,328,,328,2025
Dalvin Cook,RB,RB105,331,,,,331,2025
Emanuel Wilson,RB,RB106,,,331,,331,2025
Andy Dalton,QB,QB61,466,,365,,415.5,2025
Anthony Brown Jr.,QB,QB62,333,,,,333,2025
Lucas Havrisik,K3,K39,335,,,,335,2025
D.J. Montgomery,WR,WR138,361,,477,,419,2025
Zach Wilson,QB,QB63,338,,737,,537.5,2025
Ryan Tannehill,QB,QB64,339,,,,339,2025
Drew Sample,TE,TE60,,,339,,339,2025
Matthew Wright,K4,K40,,,340,,340,2025
Sione Vaki,RB,RB107,426,,414,,420,2025
Frank Gore Jr.,RB,RB108,425,,417,,421,2025
Spencer Rattler,QB,QB65,,,344,,344,2025
Jacob Kibodi,RB,RB109,344,,,,344,2025
Mitchell Evans,TE,TE61,345,,661,,503,2025
John Hoyland,K4,K41,,,346,,346,2025
Mason Crosby,K4,K42,347,,,,347,2025
Max Duggan,QB,QB66,349,,,,349,2025
Curtis Samuel,WR,WR139,,,350,,350,2025
Connor Heyward,TE,TE62,494,,356,,425,2025
Case Keenum,QB,QB67,351,,,,351,2025
Jermaine Jackson,WR,WR140,352,,,,352,2025
Sam Howell,QB,QB68,353,,594,,473.5,2025
Matt Barkley,QB,QB69,355,,,,355,2025
Sincere McCormick,RB,RB110,,,357,,357,2025
Dorian Thompson-Robinson,QB,QB70,359,,605,,482,2025
Baylor Cupp,TE,TE63,360,,,,360,2025
John Ross,WR,WR141,362,,,,362,2025
DeWayne McBride,RB,RB111,363,,,,363,2025
Rasheen Ali,RB,RB112,421,,444,,432.5,2025
Terrace Marshall Jr.,WR,WR142,365,,574,,469.5,2025
Matt Corral,QB,QB71,366,,,,366,2025
Teddy Bridgewater,QB,QB72,368,,,,368,2025
Noah Brown,WR,WR143,,,368,,368,2025
Ben Skowronek,WR,WR144,382,,486,,434,2025
Cade Stover,TE,TE64,369,,630,,499.5,2025
David Moore,WR,WR145,,,370,,370,2025
Charlie Kolar,TE,TE65,370,,584,,477,2025
Justin Watson,WR,WR146,,,371,,371,2025
Julius Chestnut,RB,RB113,378,,496,,437,2025
Clyde Edwards-Helaire,RB,RB114,,,375,,375,2025
Aaron Shampklin,RB,RB115,384,,,,384,2025
Julio Jones,WR,WR147,385,,,,385,2025
Lenny Krieg,K4,K43,,,385,,385,2025
Cole Fotheringham,TE,TE66,388,,,,388,2025
Jaren Hall,QB,QB73,389,,,,389,2025
Damien Martinez,RB,RB116,500,,389,,444.5,2025
Kimani Vidal,RB,RB117,443,,446,,444.5,2025
Mitch Van Vooren,WR,WR148,,,391,,391,2025
Carson Wentz,QB,QB74,391,,534,,462.5,2025
Johnny Wilson,WR,WR149,392,,638,,515,2025
Jimmy Garoppolo,QB,QB75,,,393,,393,2025
Eddy Pineiro,K4,K44,393,,543,,468,2025
Marcus Mariota,QB,QB76,,,394,,394,2025
Brayden Narveson,K4,K45,394,,,,394,2025
Jeremy McNichols,RB,RB118,,,395,,395,2025
Desmond Ridder,QB,QB77,459,,436,,447.5,2025
Sam Ehlinger,QB,QB78,395,,732,,563.5,2025
Charlie Woerner,TE,TE67,416,,480,,448,2025
Gavin Bartholomew,TE,TE68,396,,525,,460.5,2025
Mo Alie-Cox,TE,TE69,,,397,,397,2025
Dallin Holker,TE,TE70,397,,795,,596,2025
Rondale Moore,WR,WR150,398,,738,,568,2025
Greg Dortch,WR,WR151,,,399,,399,2025
Avery Williams,RB,RB119,399,,573,,486,2025
Cam Akers,RB,RB120,,,401,,401,2025
Donovan Edwards,RB,RB121,401,,693,,547,2025
Van Jefferson,WR,WR152,,,402,,402,2025
Jonathan Mingo,WR,WR153,402,,603,,502.5,2025
Raheim Sanders,RB,RB122,404,,842,,623,2025
LeQuint Allen Jr.,RB,RB123,405,,822,,613.5,2025
Tyrion Davis-Price,RB,RB124,,,406,,406,2025
Lil'Jordan Humphrey,WR,WR154,406,,552,,479,2025
Sean Clifford,QB,QB79,409,,,,409,2025
Davis Allen,TE,TE71,,,409,,409,2025
Kyle Allen,QB,QB80,410,,548,,479,2025
E.J. Jenkins,TE,TE72,,,411,,411,2025
Louis Rees-Zammit,RB,RB125,411,,632,,521.5,2025
Hunter Luepke,RB,RB126,,,412,,412,2025
Kadarius Toney,WR,WR155,412,,736,,574,2025
Stetson Bennett IV,QB,QB81,413,,502,,457.5,2025
Tanner Brown,K4,K46,414,,,,414,2025
Kyle McCord,QB,QB82,415,,695,,555,2025
Jacob Cowing,WR,WR156,,,416,,416,2025
Chimere Dike,WR,WR157,418,,818,,618,2025
Bailey Zappe,QB,QB83,419,,749,,584,2025
Andrew Beck,TE,TE73,420,,,,420,2025
Ben Sauls,K4,K47,,,421,,421,2025
Skyy Moore,WR,WR158,484,,438,,461,2025
DJ Chark Jr.,WR,WR159,423,,714,,568.5,2025
Jamaal Williams,RB,RB127,424,,538,,481,2025
Mike White,QB,QB84,427,,712,,569.5,2025
Devontez Walker,WR,WR160,428,,513,,470.5,2025
AJ McCarron,QB,QB85,429,,,,429,2025
Dante Pettis,WR,WR161,,,429,,429,2025
Nathan Peterman,QB,QB86,430,,,,430,2025
Carson Strong,QB,QB87,431,,,,431,2025
Giovanni Ricci,TE,TE74,,,432,,432,2025
SaRodorick Thompson Jr.,RB,RB128,432,,,,432,2025
Leonard Fournette,RB,RB129,433,,,,433,2025
Shane Buechele,QB,QB88,434,,,,434,2025
Jonathan Ward,RB,RB130,,,434,,434,2025
Phil Mafah,RB,RB131,436,,812,,624,2025
Cade York,K4,K48,,,437,,437,2025
Caleb Shudak,K4,K49,437,,,,437,2025
Teagan Quitoriano,TE,TE75,438,,747,,592.5,2025
LaJohntay Wester,WR,WR162,439,,660,,549.5,2025
Justin Shorter,WR,WR163,,,440,,440,2025
Charlie Jones,WR,WR164,440,,604,,522,2025
Parker Washington,WR,WR165,,,441,,441,2025
Luke Farrell,TE,TE76,456,,485,,470.5,2025
Chris Rodriguez Jr.,RB,RB132,441,,505,,473,2025
Ameer Abdullah,RB,RB133,442,,705,,573.5,2025
Malik Knowles,WR,WR166,,,443,,443,2025
Ko Kieft,TE,TE77,445,,,,445,2025
Malik Washington,WR,WR167,,,445,,445,2025
Xavier Gipson,WR,WR168,446,,507,,476.5,2025
Payne Durham,TE,TE78,447,,613,,530,2025
Kendall Milton,RB,RB134,,,448,,448,2025
Jonathon Brooks,RB,RB135,448,,776,,612,2025
Jabari Small,RB,RB136,,,449,,449,2025
Tyler Huntley,QB,QB89,450,,,,450,2025
Ty Montgomery,RB,RB137,451,,,,451,2025
Terrell Jennings,RB,RB138,,,451,,451,2025
Tyler Scott,WR,WR169,452,,,,452,2025
Dillon Gabriel,QB,QB90,,,453,,453,2025
James McCourt,K5,K50,453,,,,453,2025
Jake Fromm,QB,QB91,454,,,,454,2025
Jalen White,RB,RB139,,,454,,454,2025
Keilan Robinson,RB,RB140,455,,779,,617,2025
Brady Russell,TE,TE79,457,,762,,609.5,2025
Michael Wiley,RB,RB141,458,,,,458,2025
Michael Burton,RB,RB142,493,,465,,479,2025
Brett Gabbert,QB,QB92,,,459,,459,2025
Tyrod Taylor,QB,QB93,,,460,,460,2025
Gunnar Helm,TE,TE80,460,,522,,491,2025
Trey Sermon,RB,RB143,474,,487,,480.5,2025
Cordarrelle Patterson,RB,RB144,,,462,,462,2025
Riley Leonard,QB,QB94,462,,523,,492.5,2025
Kenyan Drake,RB,RB145,463,,,,463,2025
Cam Miller,QB,QB95,464,,,,464,2025
Melvin Gordon,RB,RB146,465,,,,465,2025
Laquon Treadwell,WR,WR170,,,466,,466,2025
Jacoby Brissett,QB,QB96,,,467,,467,2025
Kylen Granson,TE,TE81,467,,733,,600,2025
Dare Ogunbowale,RB,RB147,,,468,,468,2025
Jordan Mims,RB,RB148,468,,618,,543,2025
Michael Gallup,WR,WR171,,,469,,469,2025
Devin Duvernay,WR,WR172,469,,560,,514.5,2025
Jared Wiley,TE,TE82,470,,780,,625,2025
Ian Thomas,TE,TE83,,,471,,471,2025
KhaDarel Hodge,WR,WR173,,,472,,472,2025
Scotty Miller,WR,WR174,472,,555,,513.5,2025
Foster Moreau,TE,TE84,,,473,,473,2025
Danny Gray,WR,WR175,473,,,,473,2025
Parris Campbell,WR,WR176,,,474,,474,2025
Trayveon Williams,RB,RB149,,,475,,475,2025
Miles Boykin,WR,WR177,,,476,,476,2025
Peyton Hendershot,TE,TE85,476,,,,476,2025
Christopher Dunn,K5,K51,477,,,,477,2025
Trenton Irwin,WR,WR178,,,478,,478,2025
Reggie Gilliam,RB,RB150,478,,570,,524,2025
Ryan Griffin,QB,QB97,479,,,,479,2025
Patrick Taylor Jr.,RB,RB151,,,479,,479,2025
D'Onta Foreman,RB,RB152,480,,,,480,2025
Colby Parkinson,TE,TE86,,,481,,481,2025
Jalen Reagor,WR,WR179,481,,568,,524.5,2025
Kenny Yeboah,TE,TE87,,,482,,482,2025
Ben VanSumeren,LB,LB1,482,,616,,549,2025
Khalil Herbert,RB,RB153,,,483,,483,2025
Xavier Hutchinson,WR,WR180,483,,501,,492,2025
Brevin Jordan,TE,TE88,,,484,,484,2025
Eric Gray,RB,RB154,486,,,,486,2025
Jeremy Ruckert,TE,TE89,487,,750,,618.5,2025
Riley Patterson,K5,K52,,,488,,488,2025
Nick Mullens,QB,QB98,488,,711,,599.5,2025
Jaret Patterson,RB,RB155,,,489,,489,2025
Elijah Cooks,WR,WR181,489,,768,,628.5,2025
Mitchell Wilcox,TE,TE90,490,,,,490,2025
John FitzPatrick,TE,TE91,,,490,,490,2025
Tyler Goodson,RB,RB156,,,491,,491,2025
John Metchie III,WR,WR182,,,492,,492,2025
Tyreik McAllister,RB,RB157,492,,,,492,2025
Kenny Pickett,QB,QB99,,,494,,494,2025
Bo Melton,WR,WR183,,,495,,495,2025
Ihmir Smith-Marsette,WR,WR184,495,,578,,536.5,2025
Jacob Saylors,RB,RB158,496,,,,496,2025
Jashaun Corbin,RB,RB159,,,497,,497,2025
Ben Sims,TE,TE92,497,,769,,633,2025
Raheem Blackshear,RB,RB160,,,498,,498,2025
Shane Zylstra,TE,TE93,498,,744,,621,2025
Anders Carlson,K5,K53,,,499,,499,2025
Nick Nash,WR,WR185,499,,806,,652.5,2025
Josh Whyle,TE,TE94,,,500,,500,2025
Derius Davis,WR,WR186,,,503,,503,2025
Ronnie Bell,WR,WR187,,,504,,504,2025
Nikko Remigio,WR,WR188,,,508,,508,2025
Chris Brooks,RB,RB161,,,509,,509,2025
Thayer Thomas,WR,WR189,,,510,,510,2025
Ryan Miller,WR,WR190,,,511,,511,2025
Lucky Jackson,WR,WR191,,,512,,512,2025
Bub Means,WR,WR192,,,515,,515,2025
Charlie Smyth,K5,K54,,,516,,516,2025
Dante Miller,RB,RB162,,,517,,517,2025
Devin Culp,TE,TE95,,,518,,518,2025
George Holani,RB,RB163,,,519,,519,2025
Rivaldo Fairweather,TE,TE96,,,521,,521,2025
Ryan Coe,K5,K55,,,528,,528,2025
Montana Lemonious-Craig,WR,WR193,,,529,,529,2025
Caden Prieskorn,TE,TE97,,,530,,530,2025
Josh Johnson,QB,QB100,,,531,,531,2025
Matt Prater,K5,K56,,,532,,532,2025
Taylor Heinicke,QB,QB101,,,533,,533,2025
Eric Saubert,TE,TE98,,,535,,535,2025
Josh Reynolds,WR,WR194,,,537,,537,2025
Jamal Agnew,WR,WR195,,,539,,539,2025
Pharaoh Brown,TE,TE99,,,540,,540,2025
John Kelly Jr.,RB,RB164,,,541,,541,2025
Anthony Miller,WR,WR196,,,542,,542,2025
Durham Smythe,TE,TE100,,,544,,544,2025
Cedrick Wilson Jr.,WR,WR197,,,546,,546,2025
Ross Dwelley,TE,TE101,,,547,,547,2025
Keith Kirkwood,WR,WR198,,,549,,549,2025
Kelvin Harmon,WR,WR199,,,550,,550,2025
Jake Browning,QB,QB102,,,551,,551,2025
Irv Smith Jr.,TE,TE102,,,553,,553,2025
Gardner Minshew II,QB,QB103,,,554,,554,2025
Jakob Johnson,RB,RB165,,,556,,556,2025
Malik Taylor,WR,WR200,,,557,,557,2025
Steven Sims Jr.,WR,WR201,,,558,,558,2025
Tom Kennedy,WR,WR202,,,559,,559,2025
Harrison Bryant,TE,TE103,,,561,,561,2025
Donovan Peoples-Jones,WR,WR203,,,562,,562,2025
Sean McKeon,TE,TE104,,,563,,563,2025
Quintez Cephus,WR,WR204,,,564,,564,2025
Cody White,WR,WR205,,,565,,565,2025
Trishton Jackson,WR,WR206,,,566,,566,2025
K.J. Osborn,WR,WR207,,,567,,567,2025
DeeJay Dallas,RB,RB166,,,569,,569,2025
Mason Kinsey,WR,WR208,,,571,,571,2025
Tim Jones,WR,WR209,,,572,,572,2025
Davis Mills,QB,QB104,,,576,,576,2025
Zach Davidson,TE,TE105,,,577,,577,2025
Gary Brightwell,RB,RB167,,,579,,579,2025
Michael Carter,RB,RB168,,,580,,580,2025
Kyle Trask,QB,QB105,,,581,,581,2025
John Bates,TE,TE106,,,582,,582,2025
Tyler Badie,RB,RB169,,,583,,583,2025
Michael Woods II,WR,WR210,,,585,,585,2025
Greg Dulcich,TE,TE107,,,586,,586,2025
Treylon Burks,WR,WR211,,,587,,587,2025
Drew Ogletree,TE,TE108,,,588,,588,2025
Nick Muse,TE,TE109,,,589,,589,2025
Tyquan Thornton,WR,WR212,,,590,,590,2025
Irvin Charles,WR,WR213,,,591,,591,2025
Zonovan Knight,RB,RB170,,,592,,592,2025
Britain Covey,WR,WR214,,,593,,593,2025
Justyn Ross,WR,WR215,,,595,,595,2025
Kendric Pryor,WR,WR216,,,596,,596,2025
Kaden Davis,WR,WR217,,,597,,597,2025
Brandon Johnson,WR,WR218,,,598,,598,2025
Seth Green,TE,TE110,,,599,,599,2025
Kevin Austin Jr.,WR,WR219,,,600,,600,2025
Stone Smartt,TE,TE111,,,601,,601,2025
Tucker Fisk,TE,TE112,,,602,,602,2025
Jalen Brooks,WR,WR220,,,606,,606,2025
Lew Nichols III,RB,RB171,,,607,,607,2025
Zach Evans,RB,RB172,,,609,,609,2025
Israel Abanikanda,RB,RB173,,,610,,610,2025
Brayden Willis,TE,TE113,,,611,,611,2025
Trey Palmer,WR,WR221,,,612,,612,2025
Andre Szmyt,K5,K57,,,614,,614,2025
Malik Heath,WR,WR222,,,615,,615,2025
Carlos Washington Jr.,RB,RB174,,,617,,617,2025
Shedrick Jackson,WR,WR223,,,619,,619,2025
Princeton Fant,TE,TE114,,,620,,620,2025
Emari Demercado,RB,RB175,,,621,,621,2025
Johnny Lumpkin,TE,TE115,,,622,,622,2025
Tyrell Shavers,WR,WR224,,,623,,623,2025
Rakim Jarrett,WR,WR225,,,624,,624,2025
Kazmeir Allen,WR,WR226,,,625,,625,2025
Devin Leary,QB,QB106,,,626,,626,2025
Erick All Jr.,TE,TE116,,,627,,627,2025
Ryan Flournoy,WR,WR227,,,628,,628,2025
Jawhar Jordan,RB,RB176,,,629,,629,2025
Anthony Gould,WR,WR228,,,631,,631,2025
Dylan Laube,RB,RB177,,,633,,633,2025
Tahj Washington,WR,WR229,,,634,,634,2025
Jaheim Bell,TE,TE117,,,635,,635,2025
Ja'Lynn Polk,WR,WR230,,,636,,636,2025
Isaiah Davis,RB,RB178,,,637,,637,2025
Tip Reiman,TE,TE118,,,639,,639,2025
Messiah Swinson,TE,TE119,,,640,,640,2025
McCallan Castles,TE,TE120,,,641,,641,2025
Emani Bailey,RB,RB179,,,642,,642,2025
Brenden Bates,TE,TE121,,,643,,643,2025
Austin Reed,QB,QB107,,,644,,644,2025
Cam Grandy,TE,TE122,,,645,,645,2025
Blake Watson,RB,RB180,,,646,,646,2025
David Martin-Robinson,TE,TE123,,,647,,647,2025
Bryce Oliver,WR,WR231,,,648,,648,2025
John Rhys Plumlee,QB,QB108,,,649,,649,2025
Terique Owens,WR,WR232,,,650,,650,2025
Cody Schrader,RB,RB181,,,651,,651,2025
Sam Hartman,QB,QB109,,,652,,652,2025
Drake Stoops,WR,WR233,,,653,,653,2025
Geor'Quarius Spivey,TE,TE124,,,654,,654,2025
Alex Hale,K5,K58,,,655,,655,2025
Joshua Simon,TE,TE125,,,656,,656,2025
Jahmal Banks,WR,WR234,,,657,,657,2025
Marcus Major Jr.,RB,RB182,,,658,,658,2025
Lucas Scott,RB,RB183,,,659,,659,2025
Jonathan Kim,K5,K59,,,662,,662,2025
Jahdae Walker,WR,WR235,,,663,,663,2025
Quali Conley,RB,RB184,,,664,,664,2025
Payton Thorne,QB,QB110,,,665,,665,2025
Luke Floriea,WR,WR236,,,666,,666,2025
Courtney Jackson,WR,WR237,,,667,,667,2025
Jakobie Keeney-James,WR,WR238,,,668,,668,2025
Kye Robichaux,RB,RB185,,,669,,669,2025
Taylor Elgersma,QB,QB111,,,671,,671,2025
Amar Johnson,RB,RB186,,,672,,672,2025
Drake Dabney,TE,TE126,,,675,,675,2025
Graham Mertz,QB,QB112,,,676,,676,2025
Maddux Trujillo,K6,K60,,,677,,677,2025
Ja'Quinden Jackson,RB,RB187,,,678,,678,2025
Jake Briningstool,TE,TE127,,,679,,679,2025
Jimmy Holiday,WR,WR239,,,680,,680,2025
Tru Edwards,WR,WR240,,,681,,681,2025
Tommy Mellott,QB,QB113,,,682,,682,2025
Silas Bolden,WR,WR241,,,683,,683,2025
Tre Stewart,RB,RB188,,,684,,684,2025
Ben Yurosek,TE,TE128,,,685,,685,2025
Efton Chism III,WR,WR242,,,686,,686,2025
Gee Scott Jr.,TE,TE129,,,687,,687,2025
Ben Wooldridge,QB,QB114,,,688,,688,2025
Moochie Dixon,WR,WR243,,,689,,689,2025
Chris Tyree,RB,RB189,,,690,,690,2025
Beaux Collins,WR,WR244,,,691,,691,2025
Darius Cooper,WR,WR245,,,694,,694,2025
JJ Galbreath,TE,TE130,,,696,,696,2025
Max Hurleman,CB,CB1,,,697,,697,2025
Jordan Watkins,WR,WR246,,,699,,699,2025
Tyrone Broden,WR,WR247,,,700,,700,2025
Nick Kallerup,TE,TE131,,,701,,701,2025
Sam Brown Jr.,WR,WR248,,,703,,703,2025
Greg Zuerlein,K6,K61,,,704,,704,2025
DeAndre Carter,WR,WR249,,,706,,706,2025
Chris Moore,WR,WR250,,,707,,707,2025
Zay Jones,WR,WR251,,,708,,708,2025
Gerald Everett,TE,TE132,,,709,,709,2025
Johnny Mundt,TE,TE133,,,710,,710,2025
Braxton Berrios,WR,WR252,,,713,,713,2025
Tim Boyle,QB,QB115,,,715,,715,2025
John Wolford,QB,QB116,,,716,,716,2025
Will Grier,QB,QB117,,,717,,717,2025
Ashton Dulin,WR,WR253,,,718,,718,2025
James Proche II,WR,WR254,,,719,,719,2025
Isaiah Hodgins,WR,WR255,,,720,,720,2025
KJ Hamler,WR,WR256,,,721,,721,2025
Albert Okwuegbunam Jr.,TE,TE134,,,722,,722,2025
Laviska Shenault Jr.,WR,WR257,,,723,,723,2025
Salvon Ahmed,RB,RB190,,,724,,724,2025
Kristian Wilkerson,WR,WR258,,,725,,725,2025
Lawrence Cager,WR,WR259,,,726,,726,2025
Dominique Dafney,TE,TE135,,,727,,727,2025
Chris Blair,WR,WR260,,,728,,728,2025
Tarik Black,WR,WR261,,,729,,729,2025
Demetric Felton Jr.,RB,RB191,,,730,,730,2025
Dez Fitzpatrick,WR,WR262,,,731,,731,2025
Hunter Long,TE,TE136,,,734,,734,2025
Kene Nwangwu,RB,RB192,,,735,,735,2025
Dee Eskridge,WR,WR263,,,739,,739,2025
Quintin Morris,TE,TE137,,,740,,740,2025
Feleipe Franks,QB,QB118,,,741,,741,2025
Austin Trammell,WR,WR264,,,742,,742,2025
Jack Stoll,TE,TE138,,,743,,743,2025
Michael Jacobson,TE,TE139,,,745,,745,2025
Montrell Washington,WR,WR265,,,746,,746,2025
Jelani Woods,TE,TE140,,,748,,748,2025
Dareke Young,WR,WR266,,,751,,751,2025
Zaire Mitchell-Paden,TE,TE141,,,752,,752,2025
Jalen Virgil,WR,WR267,,,753,,753,2025
Tanner Conner,TE,TE142,,,754,,754,2025
Lucas Krull,TE,TE143,,,755,,755,2025
Ronnie Rivers,RB,RB193,,,756,,756,2025
Xavier Smith,WR,WR268,,,757,,757,2025
Jake Haener,QB,QB119,,,758,,758,2025
Clayton Tune,QB,QB120,,,759,,759,2025
Zavier Scott,WR,WR269,,,761,,761,2025
Jalen Cropper,WR,WR270,,,763,,763,2025
John Stephens Jr.,WR,WR271,,,764,,764,2025
Nate Adkins,TE,TE144,,,765,,765,2025
Jesse Matthews,WR,WR272,,,766,,766,2025
Jared Wayne,WR,WR273,,,767,,767,2025
Dylan Drummond,WR,WR274,,,770,,770,2025
Ontaria Wilson,WR,WR275,,,771,,771,2025
Tanner Taula,TE,TE145,,,772,,772,2025
Jordan Murray,TE,TE146,,,773,,773,2025
Jase McClellan,RB,RB194,,,774,,774,2025
Casey Washington,WR,WR276,,,775,,775,2025
Michael Pratt,QB,QB121,,,777,,777,2025
Jha'Quan Jackson,WR,WR277,,,778,,778,2025
Javon Baker,WR,WR278,,,781,,781,2025
Malachi Corley,WR,WR279,,,782,,782,2025
Cornelius Johnson,WR,WR280,,,783,,783,2025
Brenden Rice,WR,WR281,,,784,,784,2025
Chris Collier,RB,RB195,,,785,,785,2025
Dayton Wade,WR,WR282,,,786,,786,2025
Julian Hicks,WR,WR283,,,787,,787,2025
Xavier Johnson,WR,WR284,,,788,,788,2025
Jack Plummer,QB,QB122,,,789,,789,2025
Ian Wheeler,RB,RB196,,,790,,790,2025
Brevyn Spann-Ford,TE,TE147,,,791,,791,2025
Isaiah Williams,WR,WR285,,,792,,792,2025
Jeshaun Jones,WR,WR286,,,794,,794,2025
Mason Tipton,WR,WR287,,,796,,796,2025
Xavier Weaver,WR,WR288,,,797,,797,2025
Mason Pline,TE,TE148,,,798,,798,2025
Kameron Johnson,WR,WR289,,,799,,799,2025
D.J. Williams,RB,RB197,,,800,,800,2025
British Brooks,RB,RB198,,,801,,801,2025
Neal Johnson,TE,TE149,,,802,,802,2025
Hayden Rucci,TE,TE150,,,803,,803,2025
Jaelen Gill,WR,WR290,,,804,,804,2025
Jackson Hawes,TE,TE151,,,807,,807,2025
Keleki Latu,TE,TE152,,,808,,808,2025
Kayron Lynch-Adams,RB,RB199,,,809,,809,2025
Gage Larvadain,WR,WR291,,,810,,810,2025
Josh Kelly,WR,WR292,,,811,,811,2025
Tyler Neville,TE,TE153,,,813,,813,2025
Caleb Lohner,TE,TE154,,,814,,814,2025
Zach Horton,TE,TE155,,,815,,815,2025
Dominic Lovett,WR,WR293,,,816,,816,2025
Jackson Meeks,WR,WR294,,,817,,817,2025
Kalel Mullings,RB,RB200,,,819,,819,2025
Ajou Ajou,WR,WR295,,,820,,820,2025
Coleman Owen,WR,WR296,,,821,,821,2025
Cam Camper,WR,WR297,,,823,,823,2025
Elijhah Badger,WR,WR298,,,824,,824,2025
Elijah Young,RB,RB201,,,825,,825,2025
Konata Mumpfield,WR,WR299,,,826,,826,2025
Anthony Torres,TE,TE156,,,827,,827,2025
Andrew Armstrong,WR,WR300,,,828,,828,2025
Jalin Conyers,TE,TE157,,,829,,829,2025
AJ Henning,WR,WR301,,,830,,830,2025
Max Brosmer,QB,QB123,,,831,,831,2025
Myles Price,WR,WR302,,,832,,832,2025
Lan Larison,RB,RB202,,,833,,833,2025
Marcus Yarns,RB,RB203,,,835,,835,2025
Thomas Fidone II,TE,TE158,,,836,,836,2025
Brady Cook,QB,QB124,,,837,,837,2025
Arian Smith,WR,WR303,,,838,,838,2025
Montrell Johnson Jr.,RB,RB204,,,839,,839,2025
ShunDerrick Powell,RB,RB205,,,840,,840,2025
Roc Taylor,WR,WR304,,,841,,841,2025
DJ Uiagalelei,QB,QB125,,,843,,843,2025
Junior Bergen,WR,WR305,,,844,,844,2025
Corey Kiner,RB,RB206,,,845,,845,2025
Robbie Ouzts,TE,TE159,,,846,,846,2025
Ricky White III,WR,WR306,,,847,,847,2025
Jacardia Wright,RB,RB207,,,848,,848,2025
Jacoby Jones,LB,LB2,,,849,,849,2025
Mark McNamee,K6,K62,,,850,,850,2025